1548093637,2019-01-21 18:00:37,Eric_Cartman,Sanctum_of_Rall,13579
1548093860,2019-01-21 18:04:20,Eric_Cartman,Sanctum_of_Rall,13579
1548094099,2019-01-21 18:08:19,Eric_Cartman,Sanctum_of_Rall,13580
1548094339,2019-01-21 18:12:19,Eric_Cartman,Sanctum_of_Rall,13580
1548094589,2019-01-21 18:16:29,Eric_Cartman,Sanctum_of_Rall,13580
1548094825,2019-01-21 18:20:25,Eric_Cartman,Sanctum_of_Rall,13580
1548095059,2019-01-21 18:24:19,Eric_Cartman,Sanctum_of_Rall,13581
1548095298,2019-01-21 18:28:18,Eric_Cartman,Sanctum_of_Rall,13583
1548095540,2019-01-21 18:32:20,Eric_Cartman,Sanctum_of_Rall,13583
1548095780,2019-01-21 18:36:20,Eric_Cartman,Sanctum_of_Rall,13583
1548096024,2019-01-21 18:40:24,Eric_Cartman,Sanctum_of_Rall,13583
1548096259,2019-01-21 18:44:19,Eric_Cartman,Sanctum_of_Rall,13584
1548096500,2019-01-21 18:48:20,Eric_Cartman,Sanctum_of_Rall,13588
1548096740,2019-01-21 18:52:20,Eric_Cartman,Sanctum_of_Rall,13588
